--------------------------------------------------------
--  Arquivo criado - Segunda-feira-Dezembro-05-2016   
--------------------------------------------------------
--------------------------------------------------------
--  DDL for Table BILLS
--------------------------------------------------------

  CREATE TABLE "AUTOBANK_DB"."BILLS" ("ID" NUMBER DEFAULT "AUTOBANK_DB"."SEQ_BILLS"."NEXTVAL", "MONTH" NUMBER, "YEAR" NUMBER, "PAYMENT_DEADLINE" DATE, "CLIENT_ID" NUMBER) SEGMENT CREATION IMMEDIATE PCTFREE 10 PCTUSED 40 INITRANS 1 MAXTRANS 255 NOCOMPRESS LOGGING STORAGE(INITIAL 65536 NEXT 1048576 MINEXTENTS 1 MAXEXTENTS 2147483645 PCTINCREASE 0 FREELISTS 1 FREELIST GROUPS 1 BUFFER_POOL DEFAULT FLASH_CACHE DEFAULT CELL_FLASH_CACHE DEFAULT) TABLESPACE "USERS" ;
--------------------------------------------------------
--  DDL for Table CARDS
--------------------------------------------------------

  CREATE TABLE "AUTOBANK_DB"."CARDS" ("ID" NUMBER DEFAULT "AUTOBANK_DB"."SEQ_CARDS"."NEXTVAL", "CLIENT_ID" NUMBER, "NUM" VARCHAR2(16 BYTE), "CVV" VARCHAR2(3 BYTE), "EMISSION" DATE, "VALID_THROW" DATE, "LIMIT_VALUE" NUMBER(8,2), "INTEREST_RATE" NUMBER(8,2), "CLOSING_DAY" NUMBER DEFAULT 1, "ACTIVE" NUMBER(1,0) DEFAULT 1) SEGMENT CREATION IMMEDIATE PCTFREE 10 PCTUSED 40 INITRANS 1 MAXTRANS 255 NOCOMPRESS LOGGING STORAGE(INITIAL 65536 NEXT 1048576 MINEXTENTS 1 MAXEXTENTS 2147483645 PCTINCREASE 0 FREELISTS 1 FREELIST GROUPS 1 BUFFER_POOL DEFAULT FLASH_CACHE DEFAULT CELL_FLASH_CACHE DEFAULT) TABLESPACE "USERS" ;
--------------------------------------------------------
--  DDL for Table CARDS_FLAGGED_LOST_STOLEN
--------------------------------------------------------

  CREATE TABLE "AUTOBANK_DB"."CARDS_FLAGGED_LOST_STOLEN" ("CARD_ID" NUMBER, "CLIENT_COMMENT" VARCHAR2(3000 BYTE), "CREATED_AT" TIMESTAMP (6)) SEGMENT CREATION IMMEDIATE PCTFREE 10 PCTUSED 40 INITRANS 1 MAXTRANS 255 NOCOMPRESS LOGGING STORAGE(INITIAL 65536 NEXT 1048576 MINEXTENTS 1 MAXEXTENTS 2147483645 PCTINCREASE 0 FREELISTS 1 FREELIST GROUPS 1 BUFFER_POOL DEFAULT FLASH_CACHE DEFAULT CELL_FLASH_CACHE DEFAULT) TABLESPACE "USERS" ;
--------------------------------------------------------
--  DDL for Table CATEGORIES
--------------------------------------------------------

  CREATE TABLE "AUTOBANK_DB"."CATEGORIES" ("ID" NUMBER DEFAULT "AUTOBANK_DB"."SEQ_CATEGORIES"."NEXTVAL", "NAME" VARCHAR2(155 BYTE)) SEGMENT CREATION IMMEDIATE PCTFREE 10 PCTUSED 40 INITRANS 1 MAXTRANS 255 NOCOMPRESS LOGGING STORAGE(INITIAL 65536 NEXT 1048576 MINEXTENTS 1 MAXEXTENTS 2147483645 PCTINCREASE 0 FREELISTS 1 FREELIST GROUPS 1 BUFFER_POOL DEFAULT FLASH_CACHE DEFAULT CELL_FLASH_CACHE DEFAULT) TABLESPACE "USERS" ;
--------------------------------------------------------
--  DDL for Table CLIENTS
--------------------------------------------------------

  CREATE TABLE "AUTOBANK_DB"."CLIENTS" ("ID" NUMBER DEFAULT "AUTOBANK_DB"."SEQ_CLIENTS"."NEXTVAL", "NAME" VARCHAR2(255 BYTE), "EMAIL" VARCHAR2(255 BYTE), "CPF" VARCHAR2(14 BYTE), "PASSWORD" VARCHAR2(160 BYTE), "BIRTHDAY" DATE) SEGMENT CREATION IMMEDIATE PCTFREE 10 PCTUSED 40 INITRANS 1 MAXTRANS 255 NOCOMPRESS LOGGING STORAGE(INITIAL 65536 NEXT 1048576 MINEXTENTS 1 MAXEXTENTS 2147483645 PCTINCREASE 0 FREELISTS 1 FREELIST GROUPS 1 BUFFER_POOL DEFAULT FLASH_CACHE DEFAULT CELL_FLASH_CACHE DEFAULT) TABLESPACE "USERS" ;
--------------------------------------------------------
--  DDL for Table CLOSED_BILLS
--------------------------------------------------------

  CREATE TABLE "AUTOBANK_DB"."CLOSED_BILLS" ("ID" NUMBER, "TOTAL_VALUE" NUMBER(8,2), "MIN_VALUE" NUMBER(8,2)) SEGMENT CREATION IMMEDIATE PCTFREE 10 PCTUSED 40 INITRANS 1 MAXTRANS 255 NOCOMPRESS LOGGING STORAGE(INITIAL 65536 NEXT 1048576 MINEXTENTS 1 MAXEXTENTS 2147483645 PCTINCREASE 0 FREELISTS 1 FREELIST GROUPS 1 BUFFER_POOL DEFAULT FLASH_CACHE DEFAULT CELL_FLASH_CACHE DEFAULT) TABLESPACE "USERS" ;
--------------------------------------------------------
--  DDL for Table COLLABORATORS
--------------------------------------------------------

  CREATE TABLE "AUTOBANK_DB"."COLLABORATORS" ("ID" NUMBER DEFAULT "AUTOBANK_DB"."SEQ_COLLABORATORS"."NEXTVAL", "NAME" VARCHAR2(255 BYTE), "CPF" VARCHAR2(12 BYTE), "EMAIL" VARCHAR2(255 BYTE), "PASSWORD" VARCHAR2(255 BYTE)) SEGMENT CREATION IMMEDIATE PCTFREE 10 PCTUSED 40 INITRANS 1 MAXTRANS 255 NOCOMPRESS LOGGING STORAGE(INITIAL 65536 NEXT 1048576 MINEXTENTS 1 MAXEXTENTS 2147483645 PCTINCREASE 0 FREELISTS 1 FREELIST GROUPS 1 BUFFER_POOL DEFAULT FLASH_CACHE DEFAULT CELL_FLASH_CACHE DEFAULT) TABLESPACE "USERS" ;
--------------------------------------------------------
--  DDL for Table ESTABLISHMENTS
--------------------------------------------------------

  CREATE TABLE "AUTOBANK_DB"."ESTABLISHMENTS" ("ID" NUMBER DEFAULT "AUTOBANK_DB"."SEQ_ESTABLISHMENTS"."NEXTVAL", "CATEGORY_ID" NUMBER, "NAME" VARCHAR2(255 BYTE)) SEGMENT CREATION IMMEDIATE PCTFREE 10 PCTUSED 40 INITRANS 1 MAXTRANS 255 NOCOMPRESS LOGGING STORAGE(INITIAL 65536 NEXT 1048576 MINEXTENTS 1 MAXEXTENTS 2147483645 PCTINCREASE 0 FREELISTS 1 FREELIST GROUPS 1 BUFFER_POOL DEFAULT FLASH_CACHE DEFAULT CELL_FLASH_CACHE DEFAULT) TABLESPACE "USERS" ;
--------------------------------------------------------
--  DDL for Table FINANTIAL_STATEMENTS
--------------------------------------------------------

  CREATE TABLE "AUTOBANK_DB"."FINANTIAL_STATEMENTS" ("ID" NUMBER DEFAULT "AUTOBANK_DB"."SEQ_FINANTIAL_STATEMENTS"."NEXTVAL", "CARD_ID" NUMBER, "PROCESS_DATE" DATE) SEGMENT CREATION IMMEDIATE PCTFREE 10 PCTUSED 40 INITRANS 1 MAXTRANS 255 NOCOMPRESS LOGGING STORAGE(INITIAL 65536 NEXT 1048576 MINEXTENTS 1 MAXEXTENTS 2147483645 PCTINCREASE 0 FREELISTS 1 FREELIST GROUPS 1 BUFFER_POOL DEFAULT FLASH_CACHE DEFAULT CELL_FLASH_CACHE DEFAULT) TABLESPACE "USERS" ;
--------------------------------------------------------
--  DDL for Table INSTALLMENTS
--------------------------------------------------------

  CREATE TABLE "AUTOBANK_DB"."INSTALLMENTS" ("ID" NUMBER DEFAULT "AUTOBANK_DB"."SEQ_INSTALLMENTS"."NEXTVAL", "PURCHASE_ID" NUMBER, "BILL_ID" NUMBER, "INSTALLMENT_VALUE" NUMBER(8,2), "SEQUENTIAL" NUMBER) SEGMENT CREATION IMMEDIATE PCTFREE 10 PCTUSED 40 INITRANS 1 MAXTRANS 255 NOCOMPRESS LOGGING STORAGE(INITIAL 65536 NEXT 1048576 MINEXTENTS 1 MAXEXTENTS 2147483645 PCTINCREASE 0 FREELISTS 1 FREELIST GROUPS 1 BUFFER_POOL DEFAULT FLASH_CACHE DEFAULT CELL_FLASH_CACHE DEFAULT) TABLESPACE "USERS" ;
--------------------------------------------------------
--  DDL for Table INTEREST_RATES
--------------------------------------------------------

  CREATE TABLE "AUTOBANK_DB"."INTEREST_RATES" ("ID" NUMBER, "BILL_ID" NUMBER, "INTEREST_RATE_VALUE" NUMBER(8,2)) SEGMENT CREATION DEFERRED PCTFREE 10 PCTUSED 40 INITRANS 1 MAXTRANS 255 NOCOMPRESS LOGGING TABLESPACE "USERS" ;
--------------------------------------------------------
--  DDL for Table PAYMENT_OF
--------------------------------------------------------

  CREATE TABLE "AUTOBANK_DB"."PAYMENT_OF" ("ID" NUMBER DEFAULT "AUTOBANK_DB"."SEQ_PAYMENT_CREDITS"."NEXTVAL", "PAYMENT_ID" NUMBER, "BILL_ID" NUMBER) SEGMENT CREATION IMMEDIATE PCTFREE 10 PCTUSED 40 INITRANS 1 MAXTRANS 255 NOCOMPRESS LOGGING STORAGE(INITIAL 65536 NEXT 1048576 MINEXTENTS 1 MAXEXTENTS 2147483645 PCTINCREASE 0 FREELISTS 1 FREELIST GROUPS 1 BUFFER_POOL DEFAULT FLASH_CACHE DEFAULT CELL_FLASH_CACHE DEFAULT) TABLESPACE "USERS" ;
--------------------------------------------------------
--  DDL for Table PAYMENTS
--------------------------------------------------------

  CREATE TABLE "AUTOBANK_DB"."PAYMENTS" ("ID" NUMBER, "PAYMENT_VALUE" NUMBER(8,2), "BILL_ID" NUMBER) SEGMENT CREATION IMMEDIATE PCTFREE 10 PCTUSED 40 INITRANS 1 MAXTRANS 255 NOCOMPRESS LOGGING STORAGE(INITIAL 65536 NEXT 1048576 MINEXTENTS 1 MAXEXTENTS 2147483645 PCTINCREASE 0 FREELISTS 1 FREELIST GROUPS 1 BUFFER_POOL DEFAULT FLASH_CACHE DEFAULT CELL_FLASH_CACHE DEFAULT) TABLESPACE "USERS" ;
--------------------------------------------------------
--  DDL for Table PHYSICAL_ESTABLISHMENTS
--------------------------------------------------------

  CREATE TABLE "AUTOBANK_DB"."PHYSICAL_ESTABLISHMENTS" ("ID" NUMBER, "IMAGE_PATH" VARCHAR2(255 BYTE) DEFAULT NULL) SEGMENT CREATION DEFERRED PCTFREE 10 PCTUSED 40 INITRANS 1 MAXTRANS 255 NOCOMPRESS LOGGING TABLESPACE "USERS" ;
--------------------------------------------------------
--  DDL for Table PURCHASES
--------------------------------------------------------

  CREATE TABLE "AUTOBANK_DB"."PURCHASES" ("ID" NUMBER, "PURCHASE_VALUE" NUMBER(8,2), "ESTABLISHMENT_ID" NUMBER) SEGMENT CREATION IMMEDIATE PCTFREE 10 PCTUSED 40 INITRANS 1 MAXTRANS 255 NOCOMPRESS LOGGING STORAGE(INITIAL 65536 NEXT 1048576 MINEXTENTS 1 MAXEXTENTS 2147483645 PCTINCREASE 0 FREELISTS 1 FREELIST GROUPS 1 BUFFER_POOL DEFAULT FLASH_CACHE DEFAULT CELL_FLASH_CACHE DEFAULT) TABLESPACE "USERS" ;
--------------------------------------------------------
--  DDL for Table REVERSALS
--------------------------------------------------------

  CREATE TABLE "AUTOBANK_DB"."REVERSALS" ("ID" NUMBER, "COLLABORATOR_ID" NUMBER, "BILL_ID" NUMBER, "FINANTIAL_TO_REVERTE_ID" NUMBER, "REVERSAL_VALUE" NUMBER(8,2), "JUSTIFICATION" VARCHAR2(500 BYTE)) SEGMENT CREATION DEFERRED PCTFREE 10 PCTUSED 40 INITRANS 1 MAXTRANS 255 NOCOMPRESS LOGGING TABLESPACE "USERS" ;
--------------------------------------------------------
--  DDL for Table TOKENS
--------------------------------------------------------

  CREATE TABLE "AUTOBANK_DB"."TOKENS" ("ID" NUMBER DEFAULT "AUTOBANK_DB"."SEQ_TOKENS"."NEXTVAL", "CLIENT_ID" NUMBER, "TOKEN" VARCHAR2(255 BYTE), "CREATION_DATE" DATE) SEGMENT CREATION IMMEDIATE PCTFREE 10 PCTUSED 40 INITRANS 1 MAXTRANS 255 NOCOMPRESS LOGGING STORAGE(INITIAL 65536 NEXT 1048576 MINEXTENTS 1 MAXEXTENTS 2147483645 PCTINCREASE 0 FREELISTS 1 FREELIST GROUPS 1 BUFFER_POOL DEFAULT FLASH_CACHE DEFAULT CELL_FLASH_CACHE DEFAULT) TABLESPACE "USERS" ;
--------------------------------------------------------
--  DDL for Sequence CLIENTS_SEQ
--------------------------------------------------------

   CREATE SEQUENCE  "AUTOBANK_DB"."CLIENTS_SEQ"  MINVALUE 1 MAXVALUE 9999999999999999999999999999 INCREMENT BY 1 START WITH 2340 CACHE 20 NOORDER  NOCYCLE  NOPARTITION ;
--------------------------------------------------------
--  DDL for Sequence SEQ_BILLS
--------------------------------------------------------

   CREATE SEQUENCE  "AUTOBANK_DB"."SEQ_BILLS"  MINVALUE 1 MAXVALUE 9999999999999999999999999999 INCREMENT BY 1 START WITH 3 NOCACHE  NOORDER  NOCYCLE  NOPARTITION ;
--------------------------------------------------------
--  DDL for Sequence SEQ_CARDS
--------------------------------------------------------

   CREATE SEQUENCE  "AUTOBANK_DB"."SEQ_CARDS"  MINVALUE 1 MAXVALUE 9999999999999999999999999999 INCREMENT BY 1 START WITH 4 NOCACHE  NOORDER  NOCYCLE  NOPARTITION ;
--------------------------------------------------------
--  DDL for Sequence SEQ_CATEGORIES
--------------------------------------------------------

   CREATE SEQUENCE  "AUTOBANK_DB"."SEQ_CATEGORIES"  MINVALUE 1 MAXVALUE 9999999999999999999999999999 INCREMENT BY 1 START WITH 21 CACHE 20 NOORDER  NOCYCLE  NOPARTITION ;
--------------------------------------------------------
--  DDL for Sequence SEQ_CLIENTS
--------------------------------------------------------

   CREATE SEQUENCE  "AUTOBANK_DB"."SEQ_CLIENTS"  MINVALUE 1 MAXVALUE 9999999999999999999999999999 INCREMENT BY 1 START WITH 2351 CACHE 10 NOORDER  NOCYCLE  NOPARTITION ;
--------------------------------------------------------
--  DDL for Sequence SEQ_COLLABORATORS
--------------------------------------------------------

   CREATE SEQUENCE  "AUTOBANK_DB"."SEQ_COLLABORATORS"  MINVALUE 1 MAXVALUE 9999999999999999999999999999 INCREMENT BY 1 START WITH 21 CACHE 20 NOORDER  NOCYCLE  NOPARTITION ;
--------------------------------------------------------
--  DDL for Sequence SEQ_ESTABLISHMENTS
--------------------------------------------------------

   CREATE SEQUENCE  "AUTOBANK_DB"."SEQ_ESTABLISHMENTS"  MINVALUE 1 MAXVALUE 9999999999999999999999999999 INCREMENT BY 1 START WITH 21 CACHE 20 NOORDER  NOCYCLE  NOPARTITION ;
--------------------------------------------------------
--  DDL for Sequence SEQ_FINANTIAL_STATEMENTS
--------------------------------------------------------

   CREATE SEQUENCE  "AUTOBANK_DB"."SEQ_FINANTIAL_STATEMENTS"  MINVALUE 1 MAXVALUE 9999999999999999999999999999 INCREMENT BY 1 START WITH 61 CACHE 20 NOORDER  NOCYCLE  NOPARTITION ;
--------------------------------------------------------
--  DDL for Sequence SEQ_INSTALLMENTS
--------------------------------------------------------

   CREATE SEQUENCE  "AUTOBANK_DB"."SEQ_INSTALLMENTS"  MINVALUE 1 MAXVALUE 9999999999999999999999999999 INCREMENT BY 1 START WITH 41 CACHE 20 NOORDER  NOCYCLE  NOPARTITION ;
--------------------------------------------------------
--  DDL for Sequence SEQ_PAYMENT_CREDITS
--------------------------------------------------------

   CREATE SEQUENCE  "AUTOBANK_DB"."SEQ_PAYMENT_CREDITS"  MINVALUE 1 MAXVALUE 9999999999999999999999999999 INCREMENT BY 1 START WITH 21 CACHE 20 NOORDER  NOCYCLE  NOPARTITION ;
--------------------------------------------------------
--  DDL for Sequence SEQ_TOKENS
--------------------------------------------------------

   CREATE SEQUENCE  "AUTOBANK_DB"."SEQ_TOKENS"  MINVALUE 1 MAXVALUE 9999999999999999999999999999 INCREMENT BY 1 START WITH 32 NOCACHE  NOORDER  NOCYCLE  NOPARTITION ;
REM INSERTING into AUTOBANK_DB.BILLS
SET DEFINE OFF;
Insert into AUTOBANK_DB.BILLS (ID,MONTH,YEAR,PAYMENT_DEADLINE,CLIENT_ID) values ('1','10','2016',to_date('10/11/16','DD/MM/RR'),'21');
Insert into AUTOBANK_DB.BILLS (ID,MONTH,YEAR,PAYMENT_DEADLINE,CLIENT_ID) values ('2','9','2016',to_date('10/10/16','DD/MM/RR'),'21');
Insert into AUTOBANK_DB.BILLS (ID,MONTH,YEAR,PAYMENT_DEADLINE,CLIENT_ID) values ('3','8','2016',to_date('10/09/16','DD/MM/RR'),'21');
REM INSERTING into AUTOBANK_DB.CARDS
SET DEFINE OFF;
Insert into AUTOBANK_DB.CARDS (ID,CLIENT_ID,NUM,CVV,EMISSION,VALID_THROW,LIMIT_VALUE,INTEREST_RATE,CLOSING_DAY,ACTIVE) values ('2','21','1111222233334444','123',to_date('31/10/16','DD/MM/RR'),to_date('31/10/20','DD/MM/RR'),'3000','12,5','10','1');
Insert into AUTOBANK_DB.CARDS (ID,CLIENT_ID,NUM,CVV,EMISSION,VALID_THROW,LIMIT_VALUE,INTEREST_RATE,CLOSING_DAY,ACTIVE) values ('5','31','1111000011110000','241',to_date('10/09/16','DD/MM/RR'),to_date('10/09/20','DD/MM/RR'),'7500','7,2','10','1');
REM INSERTING into AUTOBANK_DB.CARDS_FLAGGED_LOST_STOLEN
SET DEFINE OFF;
Insert into AUTOBANK_DB.CARDS_FLAGGED_LOST_STOLEN (CARD_ID,CLIENT_COMMENT,CREATED_AT) values ('2','Perdi o cartão!',to_timestamp('05/12/16 06:22:49,379000000','DD/MM/RR HH24:MI:SSXFF'));
REM INSERTING into AUTOBANK_DB.CATEGORIES
SET DEFINE OFF;
Insert into AUTOBANK_DB.CATEGORIES (ID,NAME) values ('1','Alimentação');
Insert into AUTOBANK_DB.CATEGORIES (ID,NAME) values ('2','Transporte');
Insert into AUTOBANK_DB.CATEGORIES (ID,NAME) values ('3','Vestuário');
Insert into AUTOBANK_DB.CATEGORIES (ID,NAME) values ('4','Serviços');
Insert into AUTOBANK_DB.CATEGORIES (ID,NAME) values ('5','Saúde');
Insert into AUTOBANK_DB.CATEGORIES (ID,NAME) values ('6','Casa');
Insert into AUTOBANK_DB.CATEGORIES (ID,NAME) values ('7','Eletrônicos');
Insert into AUTOBANK_DB.CATEGORIES (ID,NAME) values ('8','Outros');
REM INSERTING into AUTOBANK_DB.CLIENTS
SET DEFINE OFF;
Insert into AUTOBANK_DB.CLIENTS (ID,NAME,EMAIL,CPF,PASSWORD,BIRTHDAY) values ('21','Valmir Jr.','valmirmassoni@gmail.com','45893645812','$2a$06$5dT7drFL/Y6hvzdtQPkfKeAAYoN0nThXyFp5i22SL9P/MIBMhIIE2',to_date('17/09/97','DD/MM/RR'));
Insert into AUTOBANK_DB.CLIENTS (ID,NAME,EMAIL,CPF,PASSWORD,BIRTHDAY) values ('31','Guilherme','guilherme_otran@hotmail.com','37079117801','$2a$04$zXP30hClfG2eLknsfGs1v.Oq3WMmPGSqcjpHhrgpgCIaYpSU2e3MG',to_date('29/06/94','DD/MM/RR'));
Insert into AUTOBANK_DB.CLIENTS (ID,NAME,EMAIL,CPF,PASSWORD,BIRTHDAY) values ('42','Cliente','cliente1@bla.com','12345678900','$2a$04$zXP30hClfG2eLknsfGs1v.Oq3WMmPGSqcjpHhrgpgCIaYpSU2e3MG',to_date('29/06/94','DD/MM/RR'));
Insert into AUTOBANK_DB.CLIENTS (ID,NAME,EMAIL,CPF,PASSWORD,BIRTHDAY) values ('45','Cliente','cliente2@bla.com','12345678901','$2a$04$zXP30hClfG2eLknsfGs1v.Oq3WMmPGSqcjpHhrgpgCIaYpSU2e3MG',to_date('29/06/94','DD/MM/RR'));
Insert into AUTOBANK_DB.CLIENTS (ID,NAME,EMAIL,CPF,PASSWORD,BIRTHDAY) values ('47','Cliente','cliente3@bla.com','12345678902','$2a$04$zXP30hClfG2eLknsfGs1v.Oq3WMmPGSqcjpHhrgpgCIaYpSU2e3MG',to_date('29/06/94','DD/MM/RR'));
Insert into AUTOBANK_DB.CLIENTS (ID,NAME,EMAIL,CPF,PASSWORD,BIRTHDAY) values ('48','Cliente','cliente4@bla.com',' 00000000040','$2a$04$zXP30hClfG2eLknsfGs1v.Oq3WMmPGSqcjpHhrgpgCIaYpSU2e3MG',to_date('29/06/94','DD/MM/RR'));
Insert into AUTOBANK_DB.CLIENTS (ID,NAME,EMAIL,CPF,PASSWORD,BIRTHDAY) values ('49','Cliente','cliente5@bla.com',' 00000000041','$2a$04$zXP30hClfG2eLknsfGs1v.Oq3WMmPGSqcjpHhrgpgCIaYpSU2e3MG',to_date('29/06/94','DD/MM/RR'));
REM INSERTING into AUTOBANK_DB.CLOSED_BILLS
SET DEFINE OFF;
Insert into AUTOBANK_DB.CLOSED_BILLS (ID,TOTAL_VALUE,MIN_VALUE) values ('2','300','50');
Insert into AUTOBANK_DB.CLOSED_BILLS (ID,TOTAL_VALUE,MIN_VALUE) values ('3','50,25','50,25');
REM INSERTING into AUTOBANK_DB.COLLABORATORS
SET DEFINE OFF;
Insert into AUTOBANK_DB.COLLABORATORS (ID,NAME,CPF,EMAIL,PASSWORD) values ('1','Valmir Jr.','111111111111','valmirmassoni@gmail.com','$2a$06$5dT7drFL/Y6hvzdtQPkfKeAAYoN0nThXyFp5i22SL9P/MIBMhIIE2');
Insert into AUTOBANK_DB.COLLABORATORS (ID,NAME,CPF,EMAIL,PASSWORD) values ('2','Guilherme','37079117801','guilherme_otran@hotmail.com','$2a$04$zXP30hClfG2eLknsfGs1v.Oq3WMmPGSqcjpHhrgpgCIaYpSU2e3MG');
REM INSERTING into AUTOBANK_DB.ESTABLISHMENTS
SET DEFINE OFF;
Insert into AUTOBANK_DB.ESTABLISHMENTS (ID,CATEGORY_ID,NAME) values ('1','1','Restaurante Y');
Insert into AUTOBANK_DB.ESTABLISHMENTS (ID,CATEGORY_ID,NAME) values ('2','2','Autoposto X');
Insert into AUTOBANK_DB.ESTABLISHMENTS (ID,CATEGORY_ID,NAME) values ('3','7','MAÇÃ');
Insert into AUTOBANK_DB.ESTABLISHMENTS (ID,CATEGORY_ID,NAME) values ('4','5','MED');
REM INSERTING into AUTOBANK_DB.FINANTIAL_STATEMENTS
SET DEFINE OFF;
Insert into AUTOBANK_DB.FINANTIAL_STATEMENTS (ID,CARD_ID,PROCESS_DATE) values ('2','2',to_date('31/10/16','DD/MM/RR'));
Insert into AUTOBANK_DB.FINANTIAL_STATEMENTS (ID,CARD_ID,PROCESS_DATE) values ('21','2',to_date('16/11/16','DD/MM/RR'));
Insert into AUTOBANK_DB.FINANTIAL_STATEMENTS (ID,CARD_ID,PROCESS_DATE) values ('42','2',to_date('17/11/16','DD/MM/RR'));
REM INSERTING into AUTOBANK_DB.INSTALLMENTS
SET DEFINE OFF;
Insert into AUTOBANK_DB.INSTALLMENTS (ID,PURCHASE_ID,BILL_ID,INSTALLMENT_VALUE,SEQUENTIAL) values ('1','2','1','20','1');
Insert into AUTOBANK_DB.INSTALLMENTS (ID,PURCHASE_ID,BILL_ID,INSTALLMENT_VALUE,SEQUENTIAL) values ('21','21','1','100','2');
Insert into AUTOBANK_DB.INSTALLMENTS (ID,PURCHASE_ID,BILL_ID,INSTALLMENT_VALUE,SEQUENTIAL) values ('22','21','2','100','1');
REM INSERTING into AUTOBANK_DB.INTEREST_RATES
SET DEFINE OFF;
REM INSERTING into AUTOBANK_DB.PAYMENT_OF
SET DEFINE OFF;
Insert into AUTOBANK_DB.PAYMENT_OF (ID,PAYMENT_ID,BILL_ID) values ('1','42','2');
REM INSERTING into AUTOBANK_DB.PAYMENTS
SET DEFINE OFF;
Insert into AUTOBANK_DB.PAYMENTS (ID,PAYMENT_VALUE,BILL_ID) values ('42','300','2');
REM INSERTING into AUTOBANK_DB.PHYSICAL_ESTABLISHMENTS
SET DEFINE OFF;
REM INSERTING into AUTOBANK_DB.PURCHASES
SET DEFINE OFF;
Insert into AUTOBANK_DB.PURCHASES (ID,PURCHASE_VALUE,ESTABLISHMENT_ID) values ('2','20','1');
Insert into AUTOBANK_DB.PURCHASES (ID,PURCHASE_VALUE,ESTABLISHMENT_ID) values ('21','200','2');
REM INSERTING into AUTOBANK_DB.REVERSALS
SET DEFINE OFF;
REM INSERTING into AUTOBANK_DB.TOKENS
SET DEFINE OFF;
Insert into AUTOBANK_DB.TOKENS (ID,CLIENT_ID,TOKEN,CREATION_DATE) values ('19','21','Jn1RICPbSbwb-XdYzptKae6kFy5VI8od8bkEhK5Dk2sQn32asDu4yKMGfRLYsAz2lYGC3h4KfAf7PMico67Uaw',to_date('10/11/16','DD/MM/RR'));
Insert into AUTOBANK_DB.TOKENS (ID,CLIENT_ID,TOKEN,CREATION_DATE) values ('20','21','n8-9v9_rMWqo4m-cUw0ckipmZw0Wb_orzQpVpQG2D33ZaPo5w2Wysbo-grA4jVsCF4t1GVZJJvzOzB4DnfSetg',to_date('11/11/16','DD/MM/RR'));
Insert into AUTOBANK_DB.TOKENS (ID,CLIENT_ID,TOKEN,CREATION_DATE) values ('22','21','c3jUq0IdxbUZxpqWjTlnHf2UQxt4fG--e3JjuMDPW54uQnMAPEwqomrAv9DaYaQCxT8oCi4YRbiNrugjX9zuVA',to_date('20/11/16','DD/MM/RR'));
Insert into AUTOBANK_DB.TOKENS (ID,CLIENT_ID,TOKEN,CREATION_DATE) values ('30','21','QxjHmJF_7u-TeJ0qnC_6351y9goWhRQR0DyWbmJi_MOypZfnZSeNdjjb-wC-yvroxZH2HGvhdooj1pqxnZk8GQ',to_date('24/11/16','DD/MM/RR'));
Insert into AUTOBANK_DB.TOKENS (ID,CLIENT_ID,TOKEN,CREATION_DATE) values ('9','21','[B@7269bf4b',to_date('19/10/16','DD/MM/RR'));
Insert into AUTOBANK_DB.TOKENS (ID,CLIENT_ID,TOKEN,CREATION_DATE) values ('10','21','[B@4a98a9f7',to_date('31/10/16','DD/MM/RR'));
Insert into AUTOBANK_DB.TOKENS (ID,CLIENT_ID,TOKEN,CREATION_DATE) values ('11','21','[B@a76b044',to_date('01/11/16','DD/MM/RR'));
Insert into AUTOBANK_DB.TOKENS (ID,CLIENT_ID,TOKEN,CREATION_DATE) values ('14','21','IeBLDDDfNXxPqr5H-d6Xi9vMKN8Ik3rv9pZb-gdPOVJKUFaLeFxgDD9xldxYkwNgcC2VRf7O74zWkfys7CcWXQ',to_date('01/11/16','DD/MM/RR'));
Insert into AUTOBANK_DB.TOKENS (ID,CLIENT_ID,TOKEN,CREATION_DATE) values ('15','21','CAvgffndrQsGb_gfTYjYuyZJxWtHQCiORPD00RLsmDni6NEv8Yp5fnpA8NUSo_Iw1jtcsJWVhij_eJiF04W1_A',to_date('01/11/16','DD/MM/RR'));
Insert into AUTOBANK_DB.TOKENS (ID,CLIENT_ID,TOKEN,CREATION_DATE) values ('16','21','iu5oaJFDke0r8NTv0c1e456oQmc5Gu6AIktdiX9Wl__3gpr25EOHlVqmExBgqurik-PU_l6DyxDHznPq4Wj7FA',to_date('01/11/16','DD/MM/RR'));
Insert into AUTOBANK_DB.TOKENS (ID,CLIENT_ID,TOKEN,CREATION_DATE) values ('17','21','iELplE6RS7pCEswhdsm8PxH5hdrNxG4iEopJMxsTayQJmHwdbF_RZUETXW011xwZb9WfAYJCsuAT1K__3OV-Ig',to_date('03/11/16','DD/MM/RR'));
Insert into AUTOBANK_DB.TOKENS (ID,CLIENT_ID,TOKEN,CREATION_DATE) values ('26','31','RP1TmT9viNEW-yGUJI_78-we7EOCjBCKCoB-zz0n1BSv41awCO0ZPxfhckpPmiVShGT85Yc4U9sUDbkH928E3A',to_date('24/11/16','DD/MM/RR'));
Insert into AUTOBANK_DB.TOKENS (ID,CLIENT_ID,TOKEN,CREATION_DATE) values ('18','21','aWXDUGIQgbh-hIFvxDS1gLm6hbLxvocSNpft4r1Emrwmp8rQtAXKPjY4djPotbBIHxsEisiFCMFKHha17ZhY8Q',to_date('09/11/16','DD/MM/RR'));
Insert into AUTOBANK_DB.TOKENS (ID,CLIENT_ID,TOKEN,CREATION_DATE) values ('29','21','Gch0D4C6CJKLIMcv9WPj27SYAa4JlwSw1sU3sGte09Pc62F6z2VQt6E8M52_NIDpLBbU_VFRjPoiC3WNeSTUvA',to_date('24/11/16','DD/MM/RR'));
Insert into AUTOBANK_DB.TOKENS (ID,CLIENT_ID,TOKEN,CREATION_DATE) values ('31','21','XeFiMUgkRXArboTGxIhtD5bXZUBJHPrVNJ_bcJzOpFO_V6633K7r6PB35YfbNUOeDrIYnTA8k16rZkUIaszGjg',to_date('25/11/16','DD/MM/RR'));
Insert into AUTOBANK_DB.TOKENS (ID,CLIENT_ID,TOKEN,CREATION_DATE) values ('21','21','o7DjM7v1HFwCz_mlPi0a7Hv5K1CbEFpmHGbDsRmipSpZRTNAYsW2pdLDZKTdAFtYVthbCq7AX2tBkmp5ppIZ9g',to_date('18/11/16','DD/MM/RR'));
Insert into AUTOBANK_DB.TOKENS (ID,CLIENT_ID,TOKEN,CREATION_DATE) values ('23','31','o5ECvm-jOS5SvV7t4CQDDp3J88A0y61A3whEZWTRZqEvBFEKGYhybNAUyGMK061odmVv-iP-wtYMMrnjn7Dnhw',to_date('23/11/16','DD/MM/RR'));
Insert into AUTOBANK_DB.TOKENS (ID,CLIENT_ID,TOKEN,CREATION_DATE) values ('24','21','7r0iiRPebSqAJR5C1qOZ0GEk7ZKQQCxGN9ezayaLhOeqbGabrIfYxjs06FXwO1U15cR9lVbWSUelDapdH7L-RQ',to_date('24/11/16','DD/MM/RR'));
Insert into AUTOBANK_DB.TOKENS (ID,CLIENT_ID,TOKEN,CREATION_DATE) values ('25','31','i_RUFgYWwuYotltKAmhAZWQdAKgyK01KQlDuQsdC8_1fgRob7S4rtTT5VPdU08k5jI6tviDjZdpdJFMY3ScvIA',to_date('24/11/16','DD/MM/RR'));
Insert into AUTOBANK_DB.TOKENS (ID,CLIENT_ID,TOKEN,CREATION_DATE) values ('27','21','TpUFRUY1w7a37dG4E2wWcifILGhffXEO5jcNyPMlpK0jQRacrCOjK2zAJER4uz5rI9zMopeiuTk43gktnqKJTw',to_date('24/11/16','DD/MM/RR'));
Insert into AUTOBANK_DB.TOKENS (ID,CLIENT_ID,TOKEN,CREATION_DATE) values ('28','21','V7jo1epO45dER7pY04G3WE4JhGB3fibFjWjkhIkKlBZGQqUvC5wcfdWJre-3UTizsnFY3CeirhXz5P_15dblpA',to_date('24/11/16','DD/MM/RR'));
--------------------------------------------------------
--  DDL for Index BILLS_PK
--------------------------------------------------------

  CREATE UNIQUE INDEX "AUTOBANK_DB"."BILLS_PK" ON "AUTOBANK_DB"."BILLS" ("ID") PCTFREE 10 INITRANS 2 MAXTRANS 255 COMPUTE STATISTICS  STORAGE(INITIAL 65536 NEXT 1048576 MINEXTENTS 1 MAXEXTENTS 2147483645 PCTINCREASE 0 FREELISTS 1 FREELIST GROUPS 1 BUFFER_POOL DEFAULT FLASH_CACHE DEFAULT CELL_FLASH_CACHE DEFAULT) TABLESPACE "USERS" ;
--------------------------------------------------------
--  DDL for Index CARDS_FLAGGED_LOST_STOLEN_PK
--------------------------------------------------------

  CREATE UNIQUE INDEX "AUTOBANK_DB"."CARDS_FLAGGED_LOST_STOLEN_PK" ON "AUTOBANK_DB"."CARDS_FLAGGED_LOST_STOLEN" ("CARD_ID") PCTFREE 10 INITRANS 2 MAXTRANS 255 COMPUTE STATISTICS  STORAGE(INITIAL 65536 NEXT 1048576 MINEXTENTS 1 MAXEXTENTS 2147483645 PCTINCREASE 0 FREELISTS 1 FREELIST GROUPS 1 BUFFER_POOL DEFAULT FLASH_CACHE DEFAULT CELL_FLASH_CACHE DEFAULT) TABLESPACE "USERS" ;
--------------------------------------------------------
--  DDL for Index CARDS_PK
--------------------------------------------------------

  CREATE UNIQUE INDEX "AUTOBANK_DB"."CARDS_PK" ON "AUTOBANK_DB"."CARDS" ("ID") PCTFREE 10 INITRANS 2 MAXTRANS 255 COMPUTE STATISTICS  STORAGE(INITIAL 65536 NEXT 1048576 MINEXTENTS 1 MAXEXTENTS 2147483645 PCTINCREASE 0 FREELISTS 1 FREELIST GROUPS 1 BUFFER_POOL DEFAULT FLASH_CACHE DEFAULT CELL_FLASH_CACHE DEFAULT) TABLESPACE "USERS" ;
--------------------------------------------------------
--  DDL for Index CATEGORIES_PK
--------------------------------------------------------

  CREATE UNIQUE INDEX "AUTOBANK_DB"."CATEGORIES_PK" ON "AUTOBANK_DB"."CATEGORIES" ("ID") PCTFREE 10 INITRANS 2 MAXTRANS 255 COMPUTE STATISTICS  STORAGE(INITIAL 65536 NEXT 1048576 MINEXTENTS 1 MAXEXTENTS 2147483645 PCTINCREASE 0 FREELISTS 1 FREELIST GROUPS 1 BUFFER_POOL DEFAULT FLASH_CACHE DEFAULT CELL_FLASH_CACHE DEFAULT) TABLESPACE "USERS" ;
--------------------------------------------------------
--  DDL for Index CLIENTES_PK
--------------------------------------------------------

  CREATE UNIQUE INDEX "AUTOBANK_DB"."CLIENTES_PK" ON "AUTOBANK_DB"."CLIENTS" ("ID") PCTFREE 10 INITRANS 2 MAXTRANS 255 COMPUTE STATISTICS  STORAGE(INITIAL 65536 NEXT 1048576 MINEXTENTS 1 MAXEXTENTS 2147483645 PCTINCREASE 0 FREELISTS 1 FREELIST GROUPS 1 BUFFER_POOL DEFAULT FLASH_CACHE DEFAULT CELL_FLASH_CACHE DEFAULT) TABLESPACE "USERS" ;
--------------------------------------------------------
--  DDL for Index CLOSE_BILLS_PK
--------------------------------------------------------

  CREATE UNIQUE INDEX "AUTOBANK_DB"."CLOSE_BILLS_PK" ON "AUTOBANK_DB"."CLOSED_BILLS" ("ID") PCTFREE 10 INITRANS 2 MAXTRANS 255 COMPUTE STATISTICS  STORAGE(INITIAL 65536 NEXT 1048576 MINEXTENTS 1 MAXEXTENTS 2147483645 PCTINCREASE 0 FREELISTS 1 FREELIST GROUPS 1 BUFFER_POOL DEFAULT FLASH_CACHE DEFAULT CELL_FLASH_CACHE DEFAULT) TABLESPACE "USERS" ;
--------------------------------------------------------
--  DDL for Index COLLABORATORS_PK
--------------------------------------------------------

  CREATE UNIQUE INDEX "AUTOBANK_DB"."COLLABORATORS_PK" ON "AUTOBANK_DB"."COLLABORATORS" ("ID") PCTFREE 10 INITRANS 2 MAXTRANS 255 COMPUTE STATISTICS  STORAGE(INITIAL 65536 NEXT 1048576 MINEXTENTS 1 MAXEXTENTS 2147483645 PCTINCREASE 0 FREELISTS 1 FREELIST GROUPS 1 BUFFER_POOL DEFAULT FLASH_CACHE DEFAULT CELL_FLASH_CACHE DEFAULT) TABLESPACE "USERS" ;
--------------------------------------------------------
--  DDL for Index ESTABLISHMENT_PK
--------------------------------------------------------

  CREATE UNIQUE INDEX "AUTOBANK_DB"."ESTABLISHMENT_PK" ON "AUTOBANK_DB"."ESTABLISHMENTS" ("ID") PCTFREE 10 INITRANS 2 MAXTRANS 255 COMPUTE STATISTICS  STORAGE(INITIAL 65536 NEXT 1048576 MINEXTENTS 1 MAXEXTENTS 2147483645 PCTINCREASE 0 FREELISTS 1 FREELIST GROUPS 1 BUFFER_POOL DEFAULT FLASH_CACHE DEFAULT CELL_FLASH_CACHE DEFAULT) TABLESPACE "USERS" ;
--------------------------------------------------------
--  DDL for Index FINANTIAL_STATEMENTS_PK
--------------------------------------------------------

  CREATE UNIQUE INDEX "AUTOBANK_DB"."FINANTIAL_STATEMENTS_PK" ON "AUTOBANK_DB"."FINANTIAL_STATEMENTS" ("ID") PCTFREE 10 INITRANS 2 MAXTRANS 255 COMPUTE STATISTICS  STORAGE(INITIAL 65536 NEXT 1048576 MINEXTENTS 1 MAXEXTENTS 2147483645 PCTINCREASE 0 FREELISTS 1 FREELIST GROUPS 1 BUFFER_POOL DEFAULT FLASH_CACHE DEFAULT CELL_FLASH_CACHE DEFAULT) TABLESPACE "USERS" ;
--------------------------------------------------------
--  DDL for Index INSTALLMENT_BILL_UNIQUE
--------------------------------------------------------

  CREATE UNIQUE INDEX "AUTOBANK_DB"."INSTALLMENT_BILL_UNIQUE" ON "AUTOBANK_DB"."INSTALLMENTS" ("PURCHASE_ID", "BILL_ID") PCTFREE 10 INITRANS 2 MAXTRANS 255 COMPUTE STATISTICS  STORAGE(INITIAL 65536 NEXT 1048576 MINEXTENTS 1 MAXEXTENTS 2147483645 PCTINCREASE 0 FREELISTS 1 FREELIST GROUPS 1 BUFFER_POOL DEFAULT FLASH_CACHE DEFAULT CELL_FLASH_CACHE DEFAULT) TABLESPACE "USERS" ;
--------------------------------------------------------
--  DDL for Index INSTALLMENTS_PK
--------------------------------------------------------

  CREATE UNIQUE INDEX "AUTOBANK_DB"."INSTALLMENTS_PK" ON "AUTOBANK_DB"."INSTALLMENTS" ("ID") PCTFREE 10 INITRANS 2 MAXTRANS 255 COMPUTE STATISTICS  STORAGE(INITIAL 65536 NEXT 1048576 MINEXTENTS 1 MAXEXTENTS 2147483645 PCTINCREASE 0 FREELISTS 1 FREELIST GROUPS 1 BUFFER_POOL DEFAULT FLASH_CACHE DEFAULT CELL_FLASH_CACHE DEFAULT) TABLESPACE "USERS" ;
--------------------------------------------------------
--  DDL for Index INTEREST_RATE_PK
--------------------------------------------------------

  CREATE UNIQUE INDEX "AUTOBANK_DB"."INTEREST_RATE_PK" ON "AUTOBANK_DB"."INTEREST_RATES" ("ID") PCTFREE 10 INITRANS 2 MAXTRANS 255 COMPUTE STATISTICS  TABLESPACE "USERS" ;
--------------------------------------------------------
--  DDL for Index PAYMENT_CREDITS_PK
--------------------------------------------------------

  CREATE UNIQUE INDEX "AUTOBANK_DB"."PAYMENT_CREDITS_PK" ON "AUTOBANK_DB"."PAYMENT_OF" ("ID") PCTFREE 10 INITRANS 2 MAXTRANS 255 COMPUTE STATISTICS  STORAGE(INITIAL 65536 NEXT 1048576 MINEXTENTS 1 MAXEXTENTS 2147483645 PCTINCREASE 0 FREELISTS 1 FREELIST GROUPS 1 BUFFER_POOL DEFAULT FLASH_CACHE DEFAULT CELL_FLASH_CACHE DEFAULT) TABLESPACE "USERS" ;
--------------------------------------------------------
--  DDL for Index PAYMENTS_PK
--------------------------------------------------------

  CREATE UNIQUE INDEX "AUTOBANK_DB"."PAYMENTS_PK" ON "AUTOBANK_DB"."PAYMENTS" ("ID") PCTFREE 10 INITRANS 2 MAXTRANS 255 COMPUTE STATISTICS  STORAGE(INITIAL 65536 NEXT 1048576 MINEXTENTS 1 MAXEXTENTS 2147483645 PCTINCREASE 0 FREELISTS 1 FREELIST GROUPS 1 BUFFER_POOL DEFAULT FLASH_CACHE DEFAULT CELL_FLASH_CACHE DEFAULT) TABLESPACE "USERS" ;
--------------------------------------------------------
--  DDL for Index PHYSICAL_ESTABLISHMENTS_FK
--------------------------------------------------------

  CREATE UNIQUE INDEX "AUTOBANK_DB"."PHYSICAL_ESTABLISHMENTS_FK" ON "AUTOBANK_DB"."PHYSICAL_ESTABLISHMENTS" ("ID") PCTFREE 10 INITRANS 2 MAXTRANS 255 COMPUTE STATISTICS  TABLESPACE "USERS" ;
--------------------------------------------------------
--  DDL for Index PURCHASES_PK
--------------------------------------------------------

  CREATE UNIQUE INDEX "AUTOBANK_DB"."PURCHASES_PK" ON "AUTOBANK_DB"."PURCHASES" ("ID") PCTFREE 10 INITRANS 2 MAXTRANS 255 COMPUTE STATISTICS  STORAGE(INITIAL 65536 NEXT 1048576 MINEXTENTS 1 MAXEXTENTS 2147483645 PCTINCREASE 0 FREELISTS 1 FREELIST GROUPS 1 BUFFER_POOL DEFAULT FLASH_CACHE DEFAULT CELL_FLASH_CACHE DEFAULT) TABLESPACE "USERS" ;
--------------------------------------------------------
--  DDL for Index REVERSALS_PK
--------------------------------------------------------

  CREATE UNIQUE INDEX "AUTOBANK_DB"."REVERSALS_PK" ON "AUTOBANK_DB"."REVERSALS" ("ID") PCTFREE 10 INITRANS 2 MAXTRANS 255 COMPUTE STATISTICS  TABLESPACE "USERS" ;
--------------------------------------------------------
--  DDL for Index SYS_C005281
--------------------------------------------------------

  CREATE UNIQUE INDEX "AUTOBANK_DB"."SYS_C005281" ON "AUTOBANK_DB"."CARDS" ("NUM") PCTFREE 10 INITRANS 2 MAXTRANS 255 COMPUTE STATISTICS  STORAGE(INITIAL 65536 NEXT 1048576 MINEXTENTS 1 MAXEXTENTS 2147483645 PCTINCREASE 0 FREELISTS 1 FREELIST GROUPS 1 BUFFER_POOL DEFAULT FLASH_CACHE DEFAULT CELL_FLASH_CACHE DEFAULT) TABLESPACE "USERS" ;
--------------------------------------------------------
--  DDL for Index SYS_C005319
--------------------------------------------------------

  CREATE UNIQUE INDEX "AUTOBANK_DB"."SYS_C005319" ON "AUTOBANK_DB"."CLIENTS" ("CPF") PCTFREE 10 INITRANS 2 MAXTRANS 255 COMPUTE STATISTICS  STORAGE(INITIAL 65536 NEXT 1048576 MINEXTENTS 1 MAXEXTENTS 2147483645 PCTINCREASE 0 FREELISTS 1 FREELIST GROUPS 1 BUFFER_POOL DEFAULT FLASH_CACHE DEFAULT CELL_FLASH_CACHE DEFAULT) TABLESPACE "USERS" ;
--------------------------------------------------------
--  DDL for Index SYS_C005320
--------------------------------------------------------

  CREATE UNIQUE INDEX "AUTOBANK_DB"."SYS_C005320" ON "AUTOBANK_DB"."CLIENTS" ("EMAIL") PCTFREE 10 INITRANS 2 MAXTRANS 255 COMPUTE STATISTICS  STORAGE(INITIAL 65536 NEXT 1048576 MINEXTENTS 1 MAXEXTENTS 2147483645 PCTINCREASE 0 FREELISTS 1 FREELIST GROUPS 1 BUFFER_POOL DEFAULT FLASH_CACHE DEFAULT CELL_FLASH_CACHE DEFAULT) TABLESPACE "USERS" ;
--------------------------------------------------------
--  DDL for Index SYS_C005674
--------------------------------------------------------

  CREATE UNIQUE INDEX "AUTOBANK_DB"."SYS_C005674" ON "AUTOBANK_DB"."COLLABORATORS" ("EMAIL") PCTFREE 10 INITRANS 2 MAXTRANS 255 COMPUTE STATISTICS  STORAGE(INITIAL 65536 NEXT 1048576 MINEXTENTS 1 MAXEXTENTS 2147483645 PCTINCREASE 0 FREELISTS 1 FREELIST GROUPS 1 BUFFER_POOL DEFAULT FLASH_CACHE DEFAULT CELL_FLASH_CACHE DEFAULT) TABLESPACE "USERS" ;
--------------------------------------------------------
--  DDL for Index TOKENS_PK
--------------------------------------------------------

  CREATE UNIQUE INDEX "AUTOBANK_DB"."TOKENS_PK" ON "AUTOBANK_DB"."TOKENS" ("ID") PCTFREE 10 INITRANS 2 MAXTRANS 255 COMPUTE STATISTICS  STORAGE(INITIAL 65536 NEXT 1048576 MINEXTENTS 1 MAXEXTENTS 2147483645 PCTINCREASE 0 FREELISTS 1 FREELIST GROUPS 1 BUFFER_POOL DEFAULT FLASH_CACHE DEFAULT CELL_FLASH_CACHE DEFAULT) TABLESPACE "USERS" ;
--------------------------------------------------------
--  DDL for Index UNIQUE_PAYMENT_OF
--------------------------------------------------------

  CREATE UNIQUE INDEX "AUTOBANK_DB"."UNIQUE_PAYMENT_OF" ON "AUTOBANK_DB"."PAYMENT_OF" ("PAYMENT_ID") PCTFREE 10 INITRANS 2 MAXTRANS 255 COMPUTE STATISTICS  STORAGE(INITIAL 65536 NEXT 1048576 MINEXTENTS 1 MAXEXTENTS 2147483645 PCTINCREASE 0 FREELISTS 1 FREELIST GROUPS 1 BUFFER_POOL DEFAULT FLASH_CACHE DEFAULT CELL_FLASH_CACHE DEFAULT) TABLESPACE "USERS" ;
--------------------------------------------------------
--  Constraints for Table BILLS
--------------------------------------------------------

  ALTER TABLE "AUTOBANK_DB"."BILLS" ADD CONSTRAINT "BILLS_PK" PRIMARY KEY ("ID") USING INDEX PCTFREE 10 INITRANS 2 MAXTRANS 255 COMPUTE STATISTICS  STORAGE(INITIAL 65536 NEXT 1048576 MINEXTENTS 1 MAXEXTENTS 2147483645 PCTINCREASE 0 FREELISTS 1 FREELIST GROUPS 1 BUFFER_POOL DEFAULT FLASH_CACHE DEFAULT CELL_FLASH_CACHE DEFAULT) TABLESPACE "USERS"  ENABLE;
  ALTER TABLE "AUTOBANK_DB"."BILLS" MODIFY ("MONTH" NOT NULL ENABLE);
  ALTER TABLE "AUTOBANK_DB"."BILLS" MODIFY ("YEAR" NOT NULL ENABLE);
  ALTER TABLE "AUTOBANK_DB"."BILLS" MODIFY ("CLIENT_ID" NOT NULL ENABLE);
  ALTER TABLE "AUTOBANK_DB"."BILLS" MODIFY ("PAYMENT_DEADLINE" NOT NULL ENABLE);
--------------------------------------------------------
--  Constraints for Table CARDS
--------------------------------------------------------

  ALTER TABLE "AUTOBANK_DB"."CARDS" MODIFY ("NUM" NOT NULL ENABLE);
  ALTER TABLE "AUTOBANK_DB"."CARDS" MODIFY ("CVV" NOT NULL ENABLE);
  ALTER TABLE "AUTOBANK_DB"."CARDS" MODIFY ("EMISSION" NOT NULL ENABLE);
  ALTER TABLE "AUTOBANK_DB"."CARDS" MODIFY ("VALID_THROW" NOT NULL ENABLE);
  ALTER TABLE "AUTOBANK_DB"."CARDS" MODIFY ("LIMIT_VALUE" NOT NULL ENABLE);
  ALTER TABLE "AUTOBANK_DB"."CARDS" ADD CONSTRAINT "CARDS_PK" PRIMARY KEY ("ID") USING INDEX PCTFREE 10 INITRANS 2 MAXTRANS 255 COMPUTE STATISTICS  STORAGE(INITIAL 65536 NEXT 1048576 MINEXTENTS 1 MAXEXTENTS 2147483645 PCTINCREASE 0 FREELISTS 1 FREELIST GROUPS 1 BUFFER_POOL DEFAULT FLASH_CACHE DEFAULT CELL_FLASH_CACHE DEFAULT) TABLESPACE "USERS"  ENABLE;
  ALTER TABLE "AUTOBANK_DB"."CARDS" ADD UNIQUE ("NUM") USING INDEX PCTFREE 10 INITRANS 2 MAXTRANS 255 COMPUTE STATISTICS  STORAGE(INITIAL 65536 NEXT 1048576 MINEXTENTS 1 MAXEXTENTS 2147483645 PCTINCREASE 0 FREELISTS 1 FREELIST GROUPS 1 BUFFER_POOL DEFAULT FLASH_CACHE DEFAULT CELL_FLASH_CACHE DEFAULT) TABLESPACE "USERS"  ENABLE;
  ALTER TABLE "AUTOBANK_DB"."CARDS" MODIFY ("INTEREST_RATE" NOT NULL ENABLE);
  ALTER TABLE "AUTOBANK_DB"."CARDS" MODIFY ("ACTIVE" NOT NULL ENABLE);
--------------------------------------------------------
--  Constraints for Table CARDS_FLAGGED_LOST_STOLEN
--------------------------------------------------------

  ALTER TABLE "AUTOBANK_DB"."CARDS_FLAGGED_LOST_STOLEN" MODIFY ("CREATED_AT" NOT NULL ENABLE);
  ALTER TABLE "AUTOBANK_DB"."CARDS_FLAGGED_LOST_STOLEN" MODIFY ("CARD_ID" NOT NULL ENABLE);
  ALTER TABLE "AUTOBANK_DB"."CARDS_FLAGGED_LOST_STOLEN" ADD CONSTRAINT "CARDS_FLAGGED_LOST_STOLEN_PK" PRIMARY KEY ("CARD_ID") USING INDEX PCTFREE 10 INITRANS 2 MAXTRANS 255 COMPUTE STATISTICS  STORAGE(INITIAL 65536 NEXT 1048576 MINEXTENTS 1 MAXEXTENTS 2147483645 PCTINCREASE 0 FREELISTS 1 FREELIST GROUPS 1 BUFFER_POOL DEFAULT FLASH_CACHE DEFAULT CELL_FLASH_CACHE DEFAULT) TABLESPACE "USERS"  ENABLE;
--------------------------------------------------------
--  Constraints for Table CATEGORIES
--------------------------------------------------------

  ALTER TABLE "AUTOBANK_DB"."CATEGORIES" ADD CONSTRAINT "CATEGORIES_PK" PRIMARY KEY ("ID") USING INDEX PCTFREE 10 INITRANS 2 MAXTRANS 255 COMPUTE STATISTICS  STORAGE(INITIAL 65536 NEXT 1048576 MINEXTENTS 1 MAXEXTENTS 2147483645 PCTINCREASE 0 FREELISTS 1 FREELIST GROUPS 1 BUFFER_POOL DEFAULT FLASH_CACHE DEFAULT CELL_FLASH_CACHE DEFAULT) TABLESPACE "USERS"  ENABLE;
--------------------------------------------------------
--  Constraints for Table CLIENTS
--------------------------------------------------------

  ALTER TABLE "AUTOBANK_DB"."CLIENTS" ADD CONSTRAINT "CLIENTS_PK" PRIMARY KEY ("ID") USING INDEX (CREATE UNIQUE INDEX "AUTOBANK_DB"."CLIENTES_PK" ON "AUTOBANK_DB"."CLIENTS" ("ID") PCTFREE 10 INITRANS 2 MAXTRANS 255 COMPUTE STATISTICS  STORAGE(INITIAL 65536 NEXT 1048576 MINEXTENTS 1 MAXEXTENTS 2147483645 PCTINCREASE 0 FREELISTS 1 FREELIST GROUPS 1 BUFFER_POOL DEFAULT FLASH_CACHE DEFAULT CELL_FLASH_CACHE DEFAULT) TABLESPACE "USERS" )  ENABLE;
  ALTER TABLE "AUTOBANK_DB"."CLIENTS" MODIFY ("ID" NOT NULL ENABLE);
  ALTER TABLE "AUTOBANK_DB"."CLIENTS" MODIFY ("NAME" NOT NULL ENABLE);
  ALTER TABLE "AUTOBANK_DB"."CLIENTS" MODIFY ("EMAIL" NOT NULL ENABLE);
  ALTER TABLE "AUTOBANK_DB"."CLIENTS" MODIFY ("CPF" NOT NULL ENABLE);
  ALTER TABLE "AUTOBANK_DB"."CLIENTS" MODIFY ("PASSWORD" NOT NULL ENABLE);
  ALTER TABLE "AUTOBANK_DB"."CLIENTS" ADD UNIQUE ("EMAIL") USING INDEX PCTFREE 10 INITRANS 2 MAXTRANS 255 COMPUTE STATISTICS  STORAGE(INITIAL 65536 NEXT 1048576 MINEXTENTS 1 MAXEXTENTS 2147483645 PCTINCREASE 0 FREELISTS 1 FREELIST GROUPS 1 BUFFER_POOL DEFAULT FLASH_CACHE DEFAULT CELL_FLASH_CACHE DEFAULT) TABLESPACE "USERS"  ENABLE;
  ALTER TABLE "AUTOBANK_DB"."CLIENTS" ADD UNIQUE ("CPF") USING INDEX PCTFREE 10 INITRANS 2 MAXTRANS 255 COMPUTE STATISTICS  STORAGE(INITIAL 65536 NEXT 1048576 MINEXTENTS 1 MAXEXTENTS 2147483645 PCTINCREASE 0 FREELISTS 1 FREELIST GROUPS 1 BUFFER_POOL DEFAULT FLASH_CACHE DEFAULT CELL_FLASH_CACHE DEFAULT) TABLESPACE "USERS"  ENABLE;
--------------------------------------------------------
--  Constraints for Table CLOSED_BILLS
--------------------------------------------------------

  ALTER TABLE "AUTOBANK_DB"."CLOSED_BILLS" MODIFY ("TOTAL_VALUE" NOT NULL ENABLE);
  ALTER TABLE "AUTOBANK_DB"."CLOSED_BILLS" MODIFY ("MIN_VALUE" NOT NULL ENABLE);
  ALTER TABLE "AUTOBANK_DB"."CLOSED_BILLS" ADD CONSTRAINT "CLOSE_BILLS_PK" PRIMARY KEY ("ID") USING INDEX PCTFREE 10 INITRANS 2 MAXTRANS 255 COMPUTE STATISTICS  STORAGE(INITIAL 65536 NEXT 1048576 MINEXTENTS 1 MAXEXTENTS 2147483645 PCTINCREASE 0 FREELISTS 1 FREELIST GROUPS 1 BUFFER_POOL DEFAULT FLASH_CACHE DEFAULT CELL_FLASH_CACHE DEFAULT) TABLESPACE "USERS"  ENABLE;
--------------------------------------------------------
--  Constraints for Table COLLABORATORS
--------------------------------------------------------

  ALTER TABLE "AUTOBANK_DB"."COLLABORATORS" MODIFY ("PASSWORD" NOT NULL ENABLE);
  ALTER TABLE "AUTOBANK_DB"."COLLABORATORS" ADD UNIQUE ("EMAIL") USING INDEX PCTFREE 10 INITRANS 2 MAXTRANS 255 COMPUTE STATISTICS  STORAGE(INITIAL 65536 NEXT 1048576 MINEXTENTS 1 MAXEXTENTS 2147483645 PCTINCREASE 0 FREELISTS 1 FREELIST GROUPS 1 BUFFER_POOL DEFAULT FLASH_CACHE DEFAULT CELL_FLASH_CACHE DEFAULT) TABLESPACE "USERS"  ENABLE;
  ALTER TABLE "AUTOBANK_DB"."COLLABORATORS" MODIFY ("EMAIL" NOT NULL ENABLE);
  ALTER TABLE "AUTOBANK_DB"."COLLABORATORS" MODIFY ("NAME" NOT NULL ENABLE);
  ALTER TABLE "AUTOBANK_DB"."COLLABORATORS" MODIFY ("CPF" NOT NULL ENABLE);
  ALTER TABLE "AUTOBANK_DB"."COLLABORATORS" ADD CONSTRAINT "COLLABORATORS_PK" PRIMARY KEY ("ID") USING INDEX PCTFREE 10 INITRANS 2 MAXTRANS 255 COMPUTE STATISTICS  STORAGE(INITIAL 65536 NEXT 1048576 MINEXTENTS 1 MAXEXTENTS 2147483645 PCTINCREASE 0 FREELISTS 1 FREELIST GROUPS 1 BUFFER_POOL DEFAULT FLASH_CACHE DEFAULT CELL_FLASH_CACHE DEFAULT) TABLESPACE "USERS"  ENABLE;
--------------------------------------------------------
--  Constraints for Table ESTABLISHMENTS
--------------------------------------------------------

  ALTER TABLE "AUTOBANK_DB"."ESTABLISHMENTS" ADD CONSTRAINT "ESTABLISHMENT_PK" PRIMARY KEY ("ID") USING INDEX PCTFREE 10 INITRANS 2 MAXTRANS 255 COMPUTE STATISTICS  STORAGE(INITIAL 65536 NEXT 1048576 MINEXTENTS 1 MAXEXTENTS 2147483645 PCTINCREASE 0 FREELISTS 1 FREELIST GROUPS 1 BUFFER_POOL DEFAULT FLASH_CACHE DEFAULT CELL_FLASH_CACHE DEFAULT) TABLESPACE "USERS"  ENABLE;
--------------------------------------------------------
--  Constraints for Table FINANTIAL_STATEMENTS
--------------------------------------------------------

  ALTER TABLE "AUTOBANK_DB"."FINANTIAL_STATEMENTS" MODIFY ("PROCESS_DATE" NOT NULL ENABLE);
  ALTER TABLE "AUTOBANK_DB"."FINANTIAL_STATEMENTS" ADD CONSTRAINT "FINANTIAL_STATEMENTS_PK" PRIMARY KEY ("ID") USING INDEX PCTFREE 10 INITRANS 2 MAXTRANS 255 COMPUTE STATISTICS  STORAGE(INITIAL 65536 NEXT 1048576 MINEXTENTS 1 MAXEXTENTS 2147483645 PCTINCREASE 0 FREELISTS 1 FREELIST GROUPS 1 BUFFER_POOL DEFAULT FLASH_CACHE DEFAULT CELL_FLASH_CACHE DEFAULT) TABLESPACE "USERS"  ENABLE;
--------------------------------------------------------
--  Constraints for Table INSTALLMENTS
--------------------------------------------------------

  ALTER TABLE "AUTOBANK_DB"."INSTALLMENTS" ADD CONSTRAINT "INSTALLMENT_BILL_UNIQUE" UNIQUE ("PURCHASE_ID", "BILL_ID") USING INDEX PCTFREE 10 INITRANS 2 MAXTRANS 255 COMPUTE STATISTICS  STORAGE(INITIAL 65536 NEXT 1048576 MINEXTENTS 1 MAXEXTENTS 2147483645 PCTINCREASE 0 FREELISTS 1 FREELIST GROUPS 1 BUFFER_POOL DEFAULT FLASH_CACHE DEFAULT CELL_FLASH_CACHE DEFAULT) TABLESPACE "USERS"  ENABLE;
  ALTER TABLE "AUTOBANK_DB"."INSTALLMENTS" MODIFY ("SEQUENTIAL" NOT NULL ENABLE);
  ALTER TABLE "AUTOBANK_DB"."INSTALLMENTS" MODIFY ("INSTALLMENT_VALUE" NOT NULL ENABLE);
  ALTER TABLE "AUTOBANK_DB"."INSTALLMENTS" ADD CONSTRAINT "INSTALLMENTS_PK" PRIMARY KEY ("ID") USING INDEX PCTFREE 10 INITRANS 2 MAXTRANS 255 COMPUTE STATISTICS  STORAGE(INITIAL 65536 NEXT 1048576 MINEXTENTS 1 MAXEXTENTS 2147483645 PCTINCREASE 0 FREELISTS 1 FREELIST GROUPS 1 BUFFER_POOL DEFAULT FLASH_CACHE DEFAULT CELL_FLASH_CACHE DEFAULT) TABLESPACE "USERS"  ENABLE;
--------------------------------------------------------
--  Constraints for Table INTEREST_RATES
--------------------------------------------------------

  ALTER TABLE "AUTOBANK_DB"."INTEREST_RATES" MODIFY ("BILL_ID" NOT NULL ENABLE);
  ALTER TABLE "AUTOBANK_DB"."INTEREST_RATES" MODIFY ("INTEREST_RATE_VALUE" NOT NULL ENABLE);
  ALTER TABLE "AUTOBANK_DB"."INTEREST_RATES" ADD CONSTRAINT "INTEREST_RATE_PK" PRIMARY KEY ("ID") USING INDEX PCTFREE 10 INITRANS 2 MAXTRANS 255 COMPUTE STATISTICS  TABLESPACE "USERS"  ENABLE;
--------------------------------------------------------
--  Constraints for Table PAYMENT_OF
--------------------------------------------------------

  ALTER TABLE "AUTOBANK_DB"."PAYMENT_OF" ADD CONSTRAINT "UNIQUE_PAYMENT_OF" UNIQUE ("PAYMENT_ID") USING INDEX PCTFREE 10 INITRANS 2 MAXTRANS 255 COMPUTE STATISTICS  STORAGE(INITIAL 65536 NEXT 1048576 MINEXTENTS 1 MAXEXTENTS 2147483645 PCTINCREASE 0 FREELISTS 1 FREELIST GROUPS 1 BUFFER_POOL DEFAULT FLASH_CACHE DEFAULT CELL_FLASH_CACHE DEFAULT) TABLESPACE "USERS"  ENABLE;
  ALTER TABLE "AUTOBANK_DB"."PAYMENT_OF" MODIFY ("PAYMENT_ID" NOT NULL ENABLE);
  ALTER TABLE "AUTOBANK_DB"."PAYMENT_OF" MODIFY ("BILL_ID" NOT NULL ENABLE);
  ALTER TABLE "AUTOBANK_DB"."PAYMENT_OF" ADD CONSTRAINT "PAYMENT_CREDITS_PK" PRIMARY KEY ("ID") USING INDEX PCTFREE 10 INITRANS 2 MAXTRANS 255 COMPUTE STATISTICS  STORAGE(INITIAL 65536 NEXT 1048576 MINEXTENTS 1 MAXEXTENTS 2147483645 PCTINCREASE 0 FREELISTS 1 FREELIST GROUPS 1 BUFFER_POOL DEFAULT FLASH_CACHE DEFAULT CELL_FLASH_CACHE DEFAULT) TABLESPACE "USERS"  ENABLE;
--------------------------------------------------------
--  Constraints for Table PAYMENTS
--------------------------------------------------------

  ALTER TABLE "AUTOBANK_DB"."PAYMENTS" MODIFY ("PAYMENT_VALUE" NOT NULL ENABLE);
  ALTER TABLE "AUTOBANK_DB"."PAYMENTS" ADD CONSTRAINT "PAYMENTS_PK" PRIMARY KEY ("ID") USING INDEX PCTFREE 10 INITRANS 2 MAXTRANS 255 COMPUTE STATISTICS  STORAGE(INITIAL 65536 NEXT 1048576 MINEXTENTS 1 MAXEXTENTS 2147483645 PCTINCREASE 0 FREELISTS 1 FREELIST GROUPS 1 BUFFER_POOL DEFAULT FLASH_CACHE DEFAULT CELL_FLASH_CACHE DEFAULT) TABLESPACE "USERS"  ENABLE;
  ALTER TABLE "AUTOBANK_DB"."PAYMENTS" MODIFY ("BILL_ID" NOT NULL ENABLE);
--------------------------------------------------------
--  Constraints for Table PHYSICAL_ESTABLISHMENTS
--------------------------------------------------------

  ALTER TABLE "AUTOBANK_DB"."PHYSICAL_ESTABLISHMENTS" ADD CONSTRAINT "PHYSICAL_ESTABLISHMENTS_FK" PRIMARY KEY ("ID") USING INDEX PCTFREE 10 INITRANS 2 MAXTRANS 255 COMPUTE STATISTICS  TABLESPACE "USERS"  ENABLE;
  ALTER TABLE "AUTOBANK_DB"."PHYSICAL_ESTABLISHMENTS" MODIFY ("ID" NOT NULL ENABLE);
--------------------------------------------------------
--  Constraints for Table PURCHASES
--------------------------------------------------------

  ALTER TABLE "AUTOBANK_DB"."PURCHASES" MODIFY ("PURCHASE_VALUE" NOT NULL ENABLE);
  ALTER TABLE "AUTOBANK_DB"."PURCHASES" ADD CONSTRAINT "PURCHASES_PK" PRIMARY KEY ("ID") USING INDEX PCTFREE 10 INITRANS 2 MAXTRANS 255 COMPUTE STATISTICS  STORAGE(INITIAL 65536 NEXT 1048576 MINEXTENTS 1 MAXEXTENTS 2147483645 PCTINCREASE 0 FREELISTS 1 FREELIST GROUPS 1 BUFFER_POOL DEFAULT FLASH_CACHE DEFAULT CELL_FLASH_CACHE DEFAULT) TABLESPACE "USERS"  ENABLE;
--------------------------------------------------------
--  Constraints for Table REVERSALS
--------------------------------------------------------

  ALTER TABLE "AUTOBANK_DB"."REVERSALS" MODIFY ("REVERSAL_VALUE" NOT NULL ENABLE);
  ALTER TABLE "AUTOBANK_DB"."REVERSALS" ADD CONSTRAINT "REVERSALS_PK" PRIMARY KEY ("ID") USING INDEX PCTFREE 10 INITRANS 2 MAXTRANS 255 COMPUTE STATISTICS  TABLESPACE "USERS"  ENABLE;
--------------------------------------------------------
--  Constraints for Table TOKENS
--------------------------------------------------------

  ALTER TABLE "AUTOBANK_DB"."TOKENS" MODIFY ("ID" NOT NULL ENABLE);
  ALTER TABLE "AUTOBANK_DB"."TOKENS" MODIFY ("CLIENT_ID" NOT NULL ENABLE);
  ALTER TABLE "AUTOBANK_DB"."TOKENS" MODIFY ("TOKEN" NOT NULL ENABLE);
  ALTER TABLE "AUTOBANK_DB"."TOKENS" ADD CONSTRAINT "TOKENS_PK" PRIMARY KEY ("ID") USING INDEX PCTFREE 10 INITRANS 2 MAXTRANS 255 COMPUTE STATISTICS  STORAGE(INITIAL 65536 NEXT 1048576 MINEXTENTS 1 MAXEXTENTS 2147483645 PCTINCREASE 0 FREELISTS 1 FREELIST GROUPS 1 BUFFER_POOL DEFAULT FLASH_CACHE DEFAULT CELL_FLASH_CACHE DEFAULT) TABLESPACE "USERS"  ENABLE;
  ALTER TABLE "AUTOBANK_DB"."TOKENS" MODIFY ("CREATION_DATE" NOT NULL ENABLE);
--------------------------------------------------------
--  Ref Constraints for Table BILLS
--------------------------------------------------------

  ALTER TABLE "AUTOBANK_DB"."BILLS" ADD CONSTRAINT "FK_CLIENT_ID" FOREIGN KEY ("CLIENT_ID") REFERENCES "AUTOBANK_DB"."CLIENTS" ("ID") ENABLE;
--------------------------------------------------------
--  Ref Constraints for Table CARDS
--------------------------------------------------------

  ALTER TABLE "AUTOBANK_DB"."CARDS" ADD CONSTRAINT "CLIENT_CARDS_FK" FOREIGN KEY ("CLIENT_ID") REFERENCES "AUTOBANK_DB"."CLIENTS" ("ID") ENABLE;
--------------------------------------------------------
--  Ref Constraints for Table CARDS_FLAGGED_LOST_STOLEN
--------------------------------------------------------

  ALTER TABLE "AUTOBANK_DB"."CARDS_FLAGGED_LOST_STOLEN" ADD CONSTRAINT "FLAGGED_LOST_STOLEN_CARD_ID_FK" FOREIGN KEY ("CARD_ID") REFERENCES "AUTOBANK_DB"."CARDS" ("ID") ENABLE;
--------------------------------------------------------
--  Ref Constraints for Table CLOSED_BILLS
--------------------------------------------------------

  ALTER TABLE "AUTOBANK_DB"."CLOSED_BILLS" ADD CONSTRAINT "CLOSED_BILL_ID_FK" FOREIGN KEY ("ID") REFERENCES "AUTOBANK_DB"."BILLS" ("ID") ENABLE;
--------------------------------------------------------
--  Ref Constraints for Table ESTABLISHMENTS
--------------------------------------------------------

  ALTER TABLE "AUTOBANK_DB"."ESTABLISHMENTS" ADD CONSTRAINT "ESTABLISHMENT_CATEGORY_FK" FOREIGN KEY ("CATEGORY_ID") REFERENCES "AUTOBANK_DB"."CATEGORIES" ("ID") ENABLE;
--------------------------------------------------------
--  Ref Constraints for Table FINANTIAL_STATEMENTS
--------------------------------------------------------

  ALTER TABLE "AUTOBANK_DB"."FINANTIAL_STATEMENTS" ADD CONSTRAINT "FINANTIAL_STATEMENTS_CARD_FK" FOREIGN KEY ("CARD_ID") REFERENCES "AUTOBANK_DB"."CARDS" ("ID") ENABLE;
--------------------------------------------------------
--  Ref Constraints for Table INSTALLMENTS
--------------------------------------------------------

  ALTER TABLE "AUTOBANK_DB"."INSTALLMENTS" ADD CONSTRAINT "BILL_INSTALLMENT_FK" FOREIGN KEY ("BILL_ID") REFERENCES "AUTOBANK_DB"."BILLS" ("ID") ENABLE;
  ALTER TABLE "AUTOBANK_DB"."INSTALLMENTS" ADD CONSTRAINT "PURCHASE_INSTALLMENT_FK" FOREIGN KEY ("PURCHASE_ID") REFERENCES "AUTOBANK_DB"."PURCHASES" ("ID") ENABLE;
--------------------------------------------------------
--  Ref Constraints for Table INTEREST_RATES
--------------------------------------------------------

  ALTER TABLE "AUTOBANK_DB"."INTEREST_RATES" ADD CONSTRAINT "BILL_INTERES_RATES_FK" FOREIGN KEY ("BILL_ID") REFERENCES "AUTOBANK_DB"."BILLS" ("ID") ENABLE;
  ALTER TABLE "AUTOBANK_DB"."INTEREST_RATES" ADD CONSTRAINT "INTERES_RATE_FINANTIAL_FK" FOREIGN KEY ("ID") REFERENCES "AUTOBANK_DB"."FINANTIAL_STATEMENTS" ("ID") ENABLE;
--------------------------------------------------------
--  Ref Constraints for Table PAYMENT_OF
--------------------------------------------------------

  ALTER TABLE "AUTOBANK_DB"."PAYMENT_OF" ADD CONSTRAINT "BILL_ID_CREDITS_FK" FOREIGN KEY ("BILL_ID") REFERENCES "AUTOBANK_DB"."BILLS" ("ID") ENABLE;
  ALTER TABLE "AUTOBANK_DB"."PAYMENT_OF" ADD CONSTRAINT "PAYMENT_ID_CREDITS_FK" FOREIGN KEY ("PAYMENT_ID") REFERENCES "AUTOBANK_DB"."PAYMENTS" ("ID") ENABLE;
--------------------------------------------------------
--  Ref Constraints for Table PAYMENTS
--------------------------------------------------------

  ALTER TABLE "AUTOBANK_DB"."PAYMENTS" ADD CONSTRAINT "PAYMENT_BILL_FK" FOREIGN KEY ("BILL_ID") REFERENCES "AUTOBANK_DB"."BILLS" ("ID") ENABLE;
  ALTER TABLE "AUTOBANK_DB"."PAYMENTS" ADD CONSTRAINT "PAYMENT_FINANTIAL_FK" FOREIGN KEY ("ID") REFERENCES "AUTOBANK_DB"."FINANTIAL_STATEMENTS" ("ID") ENABLE;
--------------------------------------------------------
--  Ref Constraints for Table PHYSICAL_ESTABLISHMENTS
--------------------------------------------------------

  ALTER TABLE "AUTOBANK_DB"."PHYSICAL_ESTABLISHMENTS" ADD CONSTRAINT "ESTABLISHMENTS_FK" FOREIGN KEY ("ID") REFERENCES "AUTOBANK_DB"."ESTABLISHMENTS" ("ID") ENABLE;
--------------------------------------------------------
--  Ref Constraints for Table PURCHASES
--------------------------------------------------------

  ALTER TABLE "AUTOBANK_DB"."PURCHASES" ADD CONSTRAINT "ESTABLISHMENT_PUCHASE_FK" FOREIGN KEY ("ESTABLISHMENT_ID") REFERENCES "AUTOBANK_DB"."ESTABLISHMENTS" ("ID") ENABLE;
  ALTER TABLE "AUTOBANK_DB"."PURCHASES" ADD CONSTRAINT "PURCHASE_FINANTIAL" FOREIGN KEY ("ID") REFERENCES "AUTOBANK_DB"."FINANTIAL_STATEMENTS" ("ID") ENABLE;
--------------------------------------------------------
--  Ref Constraints for Table REVERSALS
--------------------------------------------------------

  ALTER TABLE "AUTOBANK_DB"."REVERSALS" ADD CONSTRAINT "BILL_REVERSAL_FK" FOREIGN KEY ("BILL_ID") REFERENCES "AUTOBANK_DB"."BILLS" ("ID") ENABLE;
  ALTER TABLE "AUTOBANK_DB"."REVERSALS" ADD CONSTRAINT "COLLABORATOR_REVERSAL_FK" FOREIGN KEY ("COLLABORATOR_ID") REFERENCES "AUTOBANK_DB"."COLLABORATORS" ("ID") ENABLE;
  ALTER TABLE "AUTOBANK_DB"."REVERSALS" ADD CONSTRAINT "FINANTIAL_ID_FK" FOREIGN KEY ("ID") REFERENCES "AUTOBANK_DB"."FINANTIAL_STATEMENTS" ("ID") ENABLE;
  ALTER TABLE "AUTOBANK_DB"."REVERSALS" ADD CONSTRAINT "FINANTIAL_TO_REVERTE_FK" FOREIGN KEY ("FINANTIAL_TO_REVERTE_ID") REFERENCES "AUTOBANK_DB"."FINANTIAL_STATEMENTS" ("ID") ENABLE;
--------------------------------------------------------
--  Ref Constraints for Table TOKENS
--------------------------------------------------------

  ALTER TABLE "AUTOBANK_DB"."TOKENS" ADD CONSTRAINT "TOKEN_CLIENTE_FK" FOREIGN KEY ("CLIENT_ID") REFERENCES "AUTOBANK_DB"."CLIENTS" ("ID") ENABLE;
